Title,Year,Franchise,,,https://en.wikipedia.org/wiki/List_of_films_featuring_extraterrestrials
10 Cloverfield Lane,2016,Cloverfield[1],,,
20 Million Miles to Earth,1957,[2],,,
2001: A Space Odyssey,1968,Space Odyssey[3],,,
2001: A Space Travesty,2000,[4],,,
2010: The Year We Make Contact,1984,Space Odyssey[5],,,
The 5th Wave,2016,[6],,,
6 Days on Earth,2011,[7],,,
Abbott and Costello Go to Mars,1953,Abbott and Costello[8],,,
"Abraxas, Guardian of the Universe",1990,[9],,,
Absolutely Anything,2015,[3],,,
The Abyss,1989,[10],,,
The Adventures of Buckaroo Banzai Across the 8th Dimension,1984,[10],,,
Aelita,1924,[11],,,
After Earth,2013,[3],,,
Airplane II: The Sequel,1982,Airplane![12],,,
Algol: Tragedy of Power,1920,[10],,,
Alien,1979,Alien[10],,,
Alien 2: On Earth,1980,[13],,,
Alien 3,1992,Alien[9],,,
Alien Abduction,2005,[14],,,
Alien Abduction,2014,[15],,,
Alien Abduction: Incident in Lake County,1998,[16],,,
Alien Agent,2007,[17],,,
Alien Apocalypse,2005,[18],,,
Alien Arsenal,1999,[19],,,
Alien: Covenant,2017,Alien[20],,,
The Alien Factor,1978,[21],,,
Alien Hunter,2003,[22],,,
Alien Intruder,1993,[23],,,
Alien Invasion Arizona,2005,[24],,,
Alien Nation,1988,Alien Nation[10],,,
Alien Origin,2012,[25],,,
Alien Raiders,2008,[26],,,
Alien Resurrection,1997,Alien[27],,,
Alien Siege,2005,,,,
Alien Trespass,2009,[28],,,
Aliens,1986,Alien[29],,,
Aliens Ate My Homework,2018,[30],,,
Aliens in the Attic,2009,[31],,,
Aliens vs. Avatars,2011,[32],,,
Alien vs. Predator,2004,Alien vs. Predator[3],,,
Aliens vs. Predator: Requiem,2007,Alien vs. Predator[33],,,
Alien vs Ninja,2010,[34],,,
All-Star Superman,2011,DC - Superman,,,
Allegro Non Troppo,1976,[35],,,
Almost Human,2013,[36],,,
Altered,2006,[36],,,
Amazon Women on the Moon,1987,[37],,,
The Andromeda Strain,1971,[38],,,
The Angry Red Planet,1959,[39],,,
Angry Video Game Nerd: The Movie,2014,[40],,,
Annihilation,2018,[41],,,
Apollo 18,2011,[42],,,
Area 51,2015,[43],,,
Area Q,2011,[44],,,
Arena,1989,[45],,,
The Arrival,1996,Arrival[33],,,
Arrival,2016,[46],,,
Arrival II,1998,Arrival[47],,,
The Astronaut's Wife,1999,[48],,,
Los astronautas,1964,[49],,,
Atom Man vs. Superman (serial),1950,DC - Superman,,,
Attack the Block,2011,[50],,,
Attack of the 50 Foot Woman,1958,Attack of the 50 Foot Woman[51],,,
Attack of the 50 Ft. Woman (TV),1993,Attack of the 50 Foot Woman[51],,,
Attraction,2017,,,,
Avatar,2009,Avatar[10],,,
Avatar: The Way of Water,2022,Avatar[10],,,
The Avengers,2012,Marvel Cinematic Universe[10],,,
Avengers: Age of Ultron,2015,Marvel Cinematic Universe[52],,,
Avengers: Endgame,2019,Marvel Cinematic Universe,,,
Avengers: Infinity War,2018,Marvel Cinematic Universe[53],,,
AVH: Alien vs. Hunter,2007,[32],,,
Babylon 5: A Call to Arms (TV),1999,,,,
Babylon 5: The Gathering (TV),1993,[54],,,
Babylon 5: In the Beginning (TV),1998,[55],,,
Babylon 5: The Legend of the Rangers,2002,,,,
Babylon 5: The Lost Tales (TV),2007,,,,
Babylon 5: The River of Souls (TV),1998,,,,
Babylon 5: Thirdspace (TV),1998,,,,
Bad Taste,1987,[9],,,
Barbarella,1968,[10],,,
Batman v Superman: Dawn of Justice,2016,DC Extended Universe[56],,,
Batteries Not Included,1988,[57],,,
Battle Beyond the Stars,1980,[58],,,
Battle for Terra,2007,[59],,,
Battle in Outer Space,1959,Godzilla[60],,,
Battle: Los Angeles,2011,[33],,,
Battlefield Earth,2001,[33],,,
Battleship,2012,[33],,,
Batman: Hush,2019,DC Animated Movie Universe,,,
Ben 10: Alien Swarm,2009,Ben 10[61],,,
Ben 10: Destroy All Aliens,2012,Ben 10,,,
Ben 10: Race Against Time,2007,Ben 10[62],,,
Beware! The Blob,1972,The Blob[63],,,
Beyond Skyline,2017,Skyline,,,
Bill & Ted's Bogus Journey,1991,Bill & Ted[57],,,
Black Antenna,2019,[64],,,
The Blob,1958,The Blob[10],,,
The Blob,1988,The Blob[65],,,
Bloodbath at the House of Death,1983,[66],,,
Bloodsuckers from Outer Space,1984,[67],,,
Body Snatchers,1993,Body Snatchers[68],,,
The Brain,1988,[69],,,
The Brain from Planet Arous,1957,[70],,,
Breeders,1986,[71],,,
Brightburn,2019,,,,
The Brother from Another Planet,1984,[72],,,
Buck Rogers (serial),1939,Buck Rogers,,,
Bumblebee,2018,Transformers [73],,,
Buzz Lightyear of Star Command: The Adventure Begins,2000,Toy Story[74],,,
The Cabbage Soup,1981,,,,
Can of Worms,1999,[75],,,
The Cape Canaveral Monsters,1960,[76],,,
Captain Marvel,2019,Marvel Cinematic Universe,,,
Captain Video: Master of the Stratosphere (serial),1951,Captain Video and His Video Rangers,,,
Captive State,2019,,,,
Caravan of Courage: An Ewok Adventure (TV),1984,Star Wars[3],,,
The Cat,1992,[77],,,
The Cat from Outer Space,1978,[9],,,
Cat-Women of the Moon,1953,[78],,,
Ché OVNI,1968,[79],,,
Chicken Little,2005,[80],,,
Children of the Damned,1964,...of the Damned[81],,,
Christmas on Mars,2008,[82],,,
The Chronicles of Riddick,2004,The Chronicles of Riddick[83],,,
Clara,2018,,,,
CJ7,2008,[57],,,
Close Encounters of the Third Kind,1977,[72],,,
Cloverfield,2008,Cloverfield[84],,,
The Cloverfield Paradox,2018,Cloverfield,,,
Cocoon,1985,Cocoon[10],,,
Cocoon: The Return,1988,Cocoon[85],,,
Color Out of Space,2019,,,,
Commando Cody: Sky Marshal of the Universe (serial),1953,Commando Cody,,,
Communion,1989,[36],,,
Coneheads,1993,[10],,,
Contact,1997,[86],,,
Cowboys & Aliens,2011,[3],,,
Creature,1985,[87],,,
The Creature Wasn't Nice,1983,[88],,,
The Creeping Terror,1964,[89],,,
Creepshow,1982,[90],,,
Critters,1986,Critters[10],,,
Critters 2: The Main Course,1988,Critters[91],,,
Critters 3,1991,Critters[91],,,
Critters 4,1992,Critters[91],,,
Critters Attack!,2019,Critters[91],,,
The Curse,1987,[92],,,
Daleks' Invasion Earth 2150 A.D.,1966,Doctor Who[93],,,
Dark City,1998,[33],,,
The Dark Crystal,1982,[94],,,
Dark Skies,2013,[36],,,
Dark Star,1974,[95],,,
Dark Universe,1993,[96],,,
Darkening Sky,2010,[97],,,
The Darkest Hour,2011,[98],,,
The Day the Earth Stood Still,1951,[72],,,
The Day the Earth Stood Still,2008,The Day the Earth Stood Still[99],,,
The Day the Earth Stopped,2008,[100],,,
The Day Mars Invaded Earth,1963,[101],,,
The Day of the Triffids,1962,[9],,,
The Day the World Ended,2001,,,,
The Deadly Spawn,1983,[102],,,
Deadpool 2,2018,Marvel - X-Men [103],,,
The Death of Superman,2018,DC Animated Movie Universe,,,
Decoys,2004,Decoys [104],,,
Decoys 2: Alien Seduction,2007,Decoys [105],,,
Destroy All Monsters,1968,Godzilla[106],,,
Devil Girl from Mars,1954,[107],,,
District 9,2009,[50],,,
Doctor Strange,2016,Marvel Cinematic Universe[108],,,
Doctor Who,1996,Doctor Who [109],,,
Don't Look Up,2021,[110],,,
Doom,2005,[111],,,
Dr. Alien,1989,[112],,,
Dr. Who and the Daleks,1965,Doctor Who[113],,,
Dreamcatcher,2003,[10],,,
Dragonball Evolution,2009,[114],,,
"Dude, Where's My Car?",2000,[115],,,
Dune,1984,Dune[10],,,
Dune,2021,Dune[10],,,
E.T. the Extra-Terrestrial,1982,[72],,,
Earth Girls Are Easy,1988,[10],,,
Earth to Echo,2014,[57],,,
Earth vs. the Flying Saucers,1956,[50],,,
Edge of Tomorrow,2014,[50],,,
Ender's Game,2013,[116],,,
Enemy Mine,1985,[33],,,
Escape from Planet Earth,2013,,,,
Escape to Witch Mountain,1975,Escape to Witch Mountain[117],,,
Escape to Witch Mountain (TV),1995,Escape to Witch Mountain[118],,,
Eternals,2021,[119][120],,,
Europa Report,2013,[29],,,
Evangelion: 1.0 You Are (Not) Alone,2007,Neon Genesis Evangelion [121],,,
Evangelion: 2.0 You Can (Not) Advance,2009,Neon Genesis Evangelion [122],,,
Evangelion: 3.0 You Can (Not) Redo,2012,Neon Genesis Evangelion [123],,,
Evangelion: 3.0+1.0 Thrice Upon a Time,2021,Neon Genesis Evangelion [124],,,
Evolution,2001,[125],,,
Ewoks: The Battle for Endor (TV),1985,Star Wars[126],,,
Excursion to the Moon,1908,[127],,,
Explorers,1985,[128],,,
Extinction,2018,[129],,,
Extraterrestrial,2011,[130],,,
Extraterrestrial,2014,[36],,,
The Eye Creatures,1965,[131],,,
The Faculty,1998,[33],,,
Fantastic Four: Rise of the Silver Surfer,2007,Marvel - Fantastic Four[132],,,
Fantastic Planet,1973,[95],,,
Feeders,1996,[32],,,
The Fifth Element,1997,[29],,,
Fire in the Sky,1993,[133],,,
Fire Maidens from Outer Space,1956,[134],,,
First Men in the Moon,1964,The First Men in the Moon[135],,,
First Spaceship on Venus,1962,[136],,,
Flash Gordon (serial),1936,Flash Gordon[137],,,
Flash Gordon,1980,Flash Gordon[10],,,
Flash Gordon Conquers the Universe (serial),1940,Flash Gordon[138],,,
Flash Gordon's Trip to Mars (serial),1938,Flash Gordon,,,
Flesh Gordon,1974,Flesh Gordon[9],,,
Flesh Gordon Meets the Cosmic Cheerleaders,1989,Flesh Gordon[139],,,
Flight of the Navigator,1986,[9],,,
Flight to Mars,1950,[140],,,
The Flintstones in Viva Rock Vegas,2000,The Flintstones[141],,,
Flying Disc Man from Mars (serial),1950,[142],,,
Flying Saucer Rock'n'Roll,1997,[143],,,
Forbidden Planet,1956,[95],,,
Forbidden World,1982,[144],,,
The Forgotten,2004,[145],,,
The Fourth Kind,2009,[36],,,
Frankenstein Island,1981,Frankenstein[32],,,
Frankenstein Meets the Space Monster,1965,Frankenstein[146],,,
Freaks of Nature,2015,[147],,,
Futurama: The Beast with a Billion Backs (TV),2008,Futurama[148],,,
Futurama: Bender's Big Score (TV),2007,Futurama[149],,,
Galaxy Invader,1985,[150],,,
Galaxy of Terror,1981,[9],,,
Galaxy Quest,1999,[29],,,
Gamera: Super Monster,1980,Gamera[151],,,
Gamera vs. Viras,1968,Gamera[152],,,
Gamera vs. Zigra,1971,Gamera[153],,,
The Gendarme and the Extra-Terrestrials,1979,Le gendarme series,,,
"Ghidorah, the Three-Headed Monster",1964,Godzilla[154],,,
Ghosts of Mars,2001,[155],,,
The Giant Spider Invasion,1975,[156],,,
God Told Me To,1976,[157],,,
Godzilla 2000,1999,Godzilla[158],,,
Godzilla: City on the Edge of Battle,2018,Godzilla,,,
Godzilla: Final Wars,2004,Godzilla[159],,,
Godzilla: King of the Monsters,2019,Godzilla[160][161],,,
Godzilla: The Planet Eater,2018,Godzilla,,,
Godzilla: Planet of the Monsters,2017,Godzilla,,,
Godzilla vs. Destoroyah,1995,Godzilla,,,
Godzilla vs. Gigan,1972,Godzilla[162],,,
Godzilla vs. Hedorah,1971,Godzilla,,,
Godzilla vs. Mechagodzilla,1974,Godzilla[163],,,
Godzilla vs. SpaceGodzilla,1994,Godzilla[164],,,
"Goke, Body Snatcher from Hell",1968,One-shot[165],,,
Good Boy!,2003,[166],,,
Grabbers,2012,[167],,,
Green Lantern,2011,DC - Green Lantern[168],,,
Green Lantern: First Flight,2014,DC - Green Lantern,,,
The Green Slime,1968,[169],,,
Guardians of the Galaxy,2014,Marvel Cinematic Universe[29],,,
Guardians of the Galaxy Vol. 2,2017,Marvel Cinematic Universe[170],,,
Guardians of the Galaxy Vol. 3,2023,Marvel Cinematic Universe[171][172],,,
H.G. Wells' The War of the Worlds,2005,The War of the Worlds[173],,,
H.G. Wells' War of the Worlds,2005,The War of the Worlds[174],,,
Hangar 18,1980,[175],,,
HappinessCharge PreCure! the Movie: The Ballerina of the Land of Dolls,2014,Pretty Cure,,,
Hardware Wars,1978,[176],,,
"Have Rocket, Will Travel",1959,The Three Stooges[177],,,
Heavy Metal,1981,Heavy Metal[178],,,
Heavy Metal 2000,2000,Heavy Metal[179],,,
The Hidden,1987,Hidden[180],,,
The Hidden II,1993,Hidden [181]Hidden 2015,,,
High Plains Invaders (TV),2009,[182],,,
Highlander II: The Quickening,1991,Highlander[183],,,
The Hitchhiker's Guide to the Galaxy,2005,[10],,,
Hobgoblins,1988,[184],,,
Home,2015,[3],,,
Honeymoon,2014,[36],,,
Horror Express,1972,[185],,,
The Host,2013,[186],,,
How to Talk to Girls at Parties,2018,[187],,,
Howard the Duck,1986,Marvel - Howard [9],,,
I Am Number Four,2011,[188],,,
I Come in Peace,1990,[189],,,
I Married a Monster from Outer Space,1958,[1],,,
I Was a Zombie for the F.B.I.,1982,[190],,,
Illegal Aliens,2007,[191],,,
Impostor,2002,[33],,,
Independence Day,1996,Independence Day[50],,,
Independence Day: Resurgence,2016,Independence Day[192],,,
Indiana Jones and the Kingdom of the Crystal Skull,2008,Indiana Jones[9],,,
Infected (TV),2008,[193],,,
Inseminoid,1981,[194],,,
Interstella 5555: The 5tory of the 5ecret 5tar 5ystem,2003,[195],,,
Invader Zim: Enter the Florpus,2019,Invader Zim,,,
Invaders from Mars,1953,Invaders from Mars[50],,,
Invaders from Mars,1986,Invaders from Mars[196],,,
Invasion,1966,[197],,,
The Invasion,2007,Body Snatchers[33],,,
Invasion from Inner Earth,1974,[32],,,
Invasion of Astro-Monster,1965,Godzilla[198],,,
Invasion of the Body Snatchers,1956,Body Snatchers[50],,,
Invasion of the Body Snatchers,1978,[50],,,
Invasion of the Neptune Men,1961,[32],,,
Invasion of the Saucer Men,1957,[191],,,
Invasion of the Star Creatures,1962,[199],,,
Invisible Invaders,1959,[200],,,
The Iron Giant,1999,[72],,,
Iron Invader,2011,[201],,,
It Came from Outer Space,1953,[202],,,
It: Chapter One,2017,IT[203],,,
It Chapter Two,2019,IT,,,
It Conquered the World,1956,[204],,,
It! The Terror from Beyond Space,1958,[205],,,
Jetsons: The Movie,1990,Jetsons[206],,,
Jimmy Neutron: Boy Genius,2001,Jimmy Neutron[207],,,
Jiu Jitsu,2020,[208],,,
John Carter,2012,Barsoom[3],,,
Joker,2012,[209],,,
Journey to the Seventh Planet,1962,[210],,,
Jules,2023,,,,
Jupiter Ascending,2015,[211],,,
Just Imagine,1930,,,,
Justice League,2017,DC Extended Universe[212],,,
Justice League: Crisis on Two Earths,2010,DC,,,
Justice League Dark,2017,DC Animated Movie Universe,,,
Justice League Dark: Apokolips War,2020,DC Animated Movie Universe,,,
Justice League: Doom,2012,DC,,,
Justice League: The Flashpoint Paradox,2011,DC Animated Movie Universe,,,
Justice League: The New Frontier,2008,DC,,,
Justice League: Throne of Atlantis,2011,DC Animated Movie Universe,,,
Justice League vs. the Fatal Five,2019,DC,,,
Justice League: War,2014,DC Animated Movie Universe,,,
Kalai Arasi,1963,,,,
Killer Klowns from Outer Space,1988,[10],,,
Killers from Space,1954,[213],,,
Kin-dza-dza!,1986,[214],,,
Knowing,2009,[215],,,
Koi... Mil Gaya,2003,Krrish[216],,,
Kronos,1957,[1],,,
Krrish,2006,Krrish[217],,,
Krrish 3,2013,Krrish[218],,,
Krull,1983,[219],,,
The Last Starfighter,1984,[10],,,
Leroy & Stitch,2006,Lilo & Stitch[220],,,
Life,2017,[221],,,
Lifeforce,1985,[202],,,
Lifted,2006,[222],,,
Lightyear,2022,Toy Story[223][224],,,
Lilo & Stitch,2002,Lilo & Stitch[57],,,
Lilo & Stitch 2: Stitch Has a Glitch,2005,Lilo & Stitch[225],,,
Liquid Sky,1982,[226],,,
Little Shop of Horrors,1986,Little Shop of Horrors[72],,,
Looney Tunes: Back in Action,2003,Looney Tunes [227],,,
Lost in Space,1998,Lost in Space[228],,,
The Lost Skeleton of Cadavra,2001,[229],,,
The Love War (TV),1970,,,,
Mac and Me,1988,McDonalds[95],,,
The Man from Planet X,1951,[230],,,
Man of Steel,2013,DC Extended Universe[231],,,
The Man Who Fell to Earth,1976,[72],,,
The Man Who Wasn't There,2001,[232],,,
Mars Attacks!,1996,[50],,,
Mars Needs Moms,2011,[233],,,
Mars Needs Women (TV),1967,[234],,,
Martians Go Home,1990,[235],,,
Max Steel,2016,Max Steel[236],,,
Meatball Machine,2005,[237],,,
Meatballs Part II,1984,Meatballs[238],,,
Meet Dave,2008,[239],,,
Megamind,2010,[57],,,
Men in Black,1997,Men in Black[10],,,
Men in Black II,2002,Men in Black[240],,,
Men in Black 3,2012,Men in Black[241],,,
Men in Black: International,2019,Men in Black,,,
A Message from Mars,1913,,,,
Metamorphosis: The Alien Factor,1990,[242],,,
Mighty Morphin Power Rangers: The Movie,1995,Power Rangers[243],,,
The Miracle of P. Tinto,1998,[244],,,
Missile to the Moon,1958,[245],,,
Mission to Mars,2000,[246],,,
Mom and Dad Save the World,1992,[247],,,
Monster X Strikes Back: Attack the G8 Summit,2008,[248],,,
Monsters,2010,Monsters[33],,,
Monsters: Dark Continent,2014,Monsters[249],,,
Monsters vs. Aliens,2009,[250],,,
Los Monstruos del Terror,1970,Waldemar Daninsky series[251],,,
Monty Python's Life of Brian,1979,Monty Python[252],,,
Moonfall,2022,,,,
Morons from Outer Space,1985,[253],,,
Münchhausen,1943,Baron Munchausen,,,
Muppets from Space,1999,Muppets[254],,,
Mutant Swinger from Mars,2009,[255],,,
My Favorite Martian,1999,[256],,,
My Stepmother Is an Alien,1988,[257],,,
The Mysterians,1957,Godzilla[258],,,
New Mutants,2020,Marvel - X-Men [259][260],,,
Night Caller from Outer Space,1966,[261],,,
Night of the Blood Beast,1958,[204],,,
Night of the Creeps,1986,[262],,,
Night Skies,2007,[263],,,
Nightbeast,1982,[264],,,
Nope,2022,,,,
Not of This Earth,1957,Not of This Earth[265],,,
Not of This Earth,1988,Not of This Earth[266],,,
Nowhere,1997,[267],,,
Nude on the Moon,1961,[268],,,
Nukie,1987,[32],,,
Oblivion,1994,,,,
Oblivion,2013,[1],,,
Occupation,2018,,,,
Ōgon Bat,1966,[269],,,
Outlander,2008,Beowulf[270],,,
Pacific Rim,2013,Pacific Rim[72],,,
Pacific Rim Uprising,2018,Pacific Rim[72],,,
Pajama Party,1964,Beach Party[271],,,
Pandorum,2009,[272],,,
Parasyte: Part 1,2014,Parasyte(part 1 of 2)[273],,,
Parasyte: Part 2,2015,Parasyte(part 2 of 2)[274],,,
Paul,2011,[10],,,
Pee-wee's Big Holiday,2016,Pee-wee[275],,,
PG: Psycho Goreman,2020,[276][277],,,
Phantom from Space,1953,[278],,,
Phineas and Ferb the Movie: Candace Against the Universe,2020,Phineas and Ferb,,,
Phoenix Forgotten,2017,[279],,,
The Phoenix Incident,2015,,,,
Pinocchio in Outer Space,1965,[280],,,
Pitch Black,2000,The Chronicles of Riddick[65],,,
Pixels,2015,Pac-Man[281],,,
Plan 9 from Outer Space,1959,[10],,,
Plan 10 from Outer Space,1994,[282],,,
Planet 51,2009,[283],,,
Planet of the Apes,2001,Planet of the Apes,,,
Planet of the Vampires,1965,[284],,,
Planeta Bur,1962,[285],,,
The Pod People,1983,[238],,,
Power Rangers,2017,Power Rangers[286],,,
Predator,1987,Predator[10],,,
The Predator,2018,Predator,,,
Predator 2,1990,Predator[95],,,
Predators,2010,Predator[95],,,
Prey,2022,Predator,,,
Princess of Mars,2009,Barsoom[287],,,
Progeny,1999,[36],,,
Project ALF,1996,ALF[288],,,
Prometheus,2012,Alien[3],,,
Proximity,2020,,,,
The Puppet Masters,1994,[289],,,
The Purple Monster Strikes (serial),1945,,,,
The Quatermass Xperiment,1955,Quatermass[290],,,
Quatermass 2,1957,Quatermass[1],,,
Quatermass and the Pit,1967,Quatermass[1],,,
Queen of Blood,1966,[291],,,
Queen of Outer Space,1958,[191],,,
A Quiet Place,2018,A Quiet Place[292],,,
A Quiet Place Part II,2021,A Quiet Place,,,
Race to Witch Mountain,2009,Escape to Witch Mountain[293],,,
Radar Men from the Moon (serial),1952,Commando Cody,,,
Ratchet & Clank,2016,,,,
Real Men,1987,[294],,,
Rebel Moon,2023,[295],,,
The Recall,2017,[296],,,
Red Planet,2000,[297],,,
Reign of the Supermen,2019,DC Animated Movie Universe,,,
Repo Man,1984,[298],,,
Return from Witch Mountain,1978,Escape to Witch Mountain[299],,,
Returner,2002,[300],,,
Rise of the Teenage Mutant Ninja Turtles: The Movie,2022,Teenage Mutant Ninja Turtles [301],,,
Robinson Crusoe on Mars,1964,Robinson Crusoe[302],,,
Robot Monster,1953,[10],,,
Rocketship X-M,1950,[303],,,
The Rocky Horror Picture Show,1975,The Rocky Horror Picture Show[10],,,
The Rocky Horror Picture Show: Let's Do the Time Warp Again,2016,The Rocky Horror Picture Show[304],,,
Rogue One: A Star Wars Story,2016,Star Wars[305],,,
Santa Claus Conquers the Martians,1964,[306],,,
Scary Movie 3,2003,Scary Movie[307],,,
Scary Movie 4,2006,Scary Movie[308],,,
Scooby-Doo and the Alien Invaders,2000,Scooby-Doo[309],,,
The Shadow Men,1998,[310],,,
Shazam!,2019,DC Extended Universe,,,
A Shaun the Sheep Movie: Farmageddon,2019,Wallace and Gromit,,,
Shin Ultraman,2022,Ultraman,,,
The Signal,2014,[36],,,
Signs,2002,[33],,,
Silent Warnings,2003,[311],,,
Skyline,2010,Skyline [3],,,
Skylines,2020,Skyline[312],,,
Slither,2006,[33],,,
Solaris (TV),1972,[313],,,
Solaris,2002,[314],,,
Solo: A Star Wars Story,2018,Star Wars,,,
Sonic the Hedgehog,2020,Sonic the Hedgehog [315][316],,,
Sonic the Hedgehog 2,2022,Sonic the Hedgehog,,,
Space Invasion of Lapland,1959,[317],,,
Space Jam,1996,Looney Tunes[318],,,
Space Probe Taurus,1965,[319],,,
Space Travelers: The Animation,2000,[320],,,
Spaceballs,1987,[321],,,
Spaced Invaders,1990,[9],,,
Spacehunter: Adventures in the Forbidden Zone,1983,[322],,,
Species,1995,Species[10],,,
Species II,1998,Species[323],,,
Species III,2004,Species[324],,,
Species – The Awakening,2007,Species[325],,,
Spice World,1997,[326],,,
Spider-Man: Far From Home,2019,Marvel Cinematic Universe[327],,,
Spider-Man 3,2007,Marvel - Spider-Man[9],,,
Star Crystal,1986,,,,
Star Odyssey,1978,[328],,,
Star Trek,2009,Star Trek[57],,,
Star Trek II: The Wrath of Khan,1982,Star Trek[329],,,
Star Trek III: The Search for Spock,1984,Star Trek[330],,,
Star Trek IV: The Voyage Home,1986,Star Trek[331],,,
Star Trek V: The Final Frontier,1989,Star Trek[332],,,
Star Trek VI: The Undiscovered Country,1991,Star Trek[333],,,
Star Trek Beyond,2016,Star Trek[334],,,
Star Trek: First Contact,1996,Star Trek[10],,,
Star Trek Generations,1994,Star Trek[335],,,
Star Trek: Insurrection,1998,Star Trek[336],,,
Star Trek Into Darkness,2013,Star Trek[337],,,
Star Trek: The Motion Picture,1979,Star Trek[10],,,
Star Trek: Nemesis,2002,Star Trek[338],,,
Star Wars: The Clone Wars,2008,Star Wars[339],,,
Star Wars: Episode I – The Phantom Menace,1999,Star Wars[340],,,
Star Wars: Episode II – Attack of the Clones,2002,Star Wars[341],,,
Star Wars: Episode III – Revenge of the Sith,2005,Star Wars[342],,,
Star Wars: Episode IV - A New Hope,1977,Star Wars[10],,,
Star Wars: Episode V - The Empire Strikes Back,1980,Star Wars[10],,,
Star Wars: Episode VI - Return of the Jedi,1983,Star Wars[57],,,
Star Wars: Episode VII - The Force Awakens,2015,Star Wars[343],,,
Star Wars: Episode VIII - The Last Jedi,2017,Star Wars[344],,,
Star Wars: Episode IX - The Rise of Skywalker,2019,Star Wars,,,
Star Wars Holiday Special (TV),1978,Star Wars[345],,,
Starcrash,1978,[346],,,
Stargate,1994,Stargate[347],,,
Starman,1984,[72],,,
Starship Invasions,1977,[348],,,
Starship Troopers,1997,StarShip Troopers[50],,,
Starship Troopers 2: Hero of the Federation,2004,StarShip Troopers[349],,,
Starship Troopers 3: Marauder,2008,StarShip Troopers[350],,,
Starship Troopers: Invasion,2012,StarShip Troopers[351],,,
Starship Troopers: Traitor of Mars,2017,StarShip Troopers[352],,,
Stepsister from Planet Weird,2000,[353],,,
Steven Universe: The Movie,2019,,,,
Stitch! The Movie,2003,Lilo & Stitch[354],,,
Stranded,1987,[355],,,
Strange Invaders,1983,[356],,,
Suburban Commando,1991,[357],,,
The Suicide Squad,2021,DC Extended Universe,,,
Super 8,2011,[10],,,
Super Deluxe,2019,,,,
Supergirl,1984,DC - Superman[358],,,
Superlópez,2018,[359],,,
Superman (serial),1948,DC - Superman,,,
Superman,1978,DC - Superman[10],,,
Superman II,1980,DC - Superman[202],,,
Superman III,1983,DC - Superman[360],,,
Superman IV: The Quest for Peace,1987,DC - Superman[361],,,
Superman and the Mole Men,1951,DC - Superman,,,
Superman/Batman: Apocalypse,2010,DC - Superman [362],,,
Superman/Batman: Public Enemies,2009,DC - Superman [363],,,
Superman: Brainiac Attacks,2006,DC - Superman,,,
Superman: Doomsday,2007,[364],,,
Superman: Man of Tomorrow,2020,DC - Superman,,,
Superman: Red Son,2020,DC - Superman,,,
Superman Returns,2006,DC - Superman[365],,,
Superman: Unbound,2013,DC - Superman,,,
Superman vs. The Elite,2012,DC - Superman,,,
Supersonic Man,1979,[366],,,
Tales of Halloween,2015,One-shot[367],,,
Target Earth,1954,[368],,,
Teen Titans Go! To the Movies,2018,Teen Titans Go![369][370],,,
Teenage Mutant Ninja Turtles: Out of the Shadows,2016,Teenage Mutant Ninja Turtles[371],,,
Teenagers from Outer Space,1959,[372],,,
Terror of Mechagodzilla,1975,Godzilla[373],,,
The Terrornauts,1967,[374],,,
TerrorVision,1987,[9],,,
They Came from Beyond Space,1967,[374],,,
They Live,1988,[50],,,
The Thing,1982,Who Goes There?[50],,,
The Thing,2011,Who Goes There?[375],,,
The Thing from Another World,1951,Who Goes There?[50],,,
This Island Earth,1955,[10],,,
Thor,2011,Marvel Cinematic Universe[376],,,
Thor: The Dark World,2013,Marvel Cinematic Universe[377],,,
Thor: Love and Thunder,2022,Marvel Cinematic Universe,,,
Thor: Ragnarok,2017,Marvel Cinematic Universe[378],,,
The Three Stooges in Orbit,1962,The Three Stooges[379],,,
Thunderbirds Are Go,1966,Thunderbirds[380],,,
Titan A.E.,2000,[381],,,
Tom and Jerry: Blast Off to Mars,2005,Tom and Jerry[382],,,
The Tomorrow War,2021,[383],,,
Too Many Cooks,2014,[384],,,
Toomorrow,1970,[374],,,
Transformers,2007,Transformers[10],,,
Transformers: Age of Extinction,2014,Transformers[385],,,
Transformers: Bumblebee,2018,Transformers,,,
Transformers: Dark of the Moon,2011,Transformers[3],,,
Transformers: The Last Knight,2017,Transformers[386],,,
The Transformers: The Movie,1986,Transformers[387],,,
Transformers: Revenge of the Fallen,2009,Transformers[9],,,
Transformers: Rise of the Beasts,2023,Transformers,,,
Transmorphers,2007,Transmorphers[388],,,
Transmorphers: Fall of Man,2009,Transmorphers[389],,,
Treasure Planet,2002,One-Shot[390],,,
A Trip to Mars (Himmelskibet),1918,[391],,,
A Trip to the Moon,1902,From the Earth to the Moon[86],,,
The Trollenberg Terror,1958,[392],,,
Tropico,2013,[393],,,
Turbo: A Power Rangers Movie,1997,Power Rangers[394],,,
U.F.O.,1993,[395],,,
U.F.O.,2012,[396],,,
UFO Abduction,1989,[397],,,
The UFO Incident,1975,[36],,,
UHF,1989,[65],,,
Ultimate Avengers - The Movie,2006,Marvel - Animated [398],,,
Unaware,2013,[399],,,
Under the Mountain,2009,[400],,,
Under the Skin,2013,[72],,,
V/H/S,2012,V/H/S [401],,,
V/H/S/2,2013,V/H/S[402],,,
Valerian and the City of a Thousand Planets,2017,[403],,,
Vampirella,1996,[404],,,
The Vast of Night,2019,,,,
Venom,2018,Marvel - Sony's Spider-Man Universe,,,
Venom: Let There Be Carnage,2021,Marvel - Sony's Spider-Man Universe,,,
Village of the Damned,1960,...of the Damned[9],,,
Village of the Damned,1995,...of the Damned[405],,,
Virus,1999,[406],,,
Visit to a Small Planet,1960,[407],,,
The Visitor,1979,[408],,,
Voyage of the Rock Aliens,1984,[409],,,
Voyage to the Planet of Prehistoric Women,1968,[410],,,
Voyage to the Prehistoric Planet,1965,[411],,,
War of the Planets,1966,[412],,,
The War of the Worlds,1953,The War of the Worlds[50],,,
War of the Worlds,2005,The War of the Worlds[50],,,
War of the Worlds 2: The Next Wave,2008,The War of the Worlds[413],,,
War of the Worlds: Goliath,2012,The War of the Worlds,,,
War of the Worlds: The True Story,2012,The War of the Worlds[414],,,
Warlords of Atlantis,1978,[415],,,
Warning from Space,1956,[416],,,
The Watch,2012,[417],,,
Wavelength,1983,,,,
Welcome to the Space Show,2010,[418],,,
What on Earth!,1966,[419],,,
What Planet Are You From?,2000,[420],,,
When the Man in the Moon Seeks a Wife,1908,[421],,,
The Whisperer in Darkness,2011,[422][423],,,
Within the Rock,1996,[424],,,
Without Warning,1980,[425],,,
The Wizard of Mars,1965,[426],,,
The World's End,2013,[6],,,
The X from Outer Space,1967,[427],,,
The X-Files: Fight the Future,1998,X-Files[202],,,
The X-Files: I Want to Believe,2008,X-Files,,,
X-Men: Dark Phoenix,2019,Marvel - X-Men[428],,,
Xtro,1982,Xtro[429],,,
Xtro II: The Second Encounter,1991,Xtro[430],,,
Xtro 3: Watch the Skies,1995,Xtro[431],,,
Zack Snyder's Justice League,2021,DC Extended Universe,,,
Zarkorr! The Invader,1995,[432],,,
Zathura: A Space Adventure,2005,Jumanji[433],,,
Zenon: The Zequel,2001,[434],,,
Zeta One,1969,[374],,,
Zombies of the Stratosphere,1952,[435],,,
Zone Troopers,1985,[436],,,
"Zontar, the Thing from Venus",1966,[204],,,